"Offense","Count"
"SODOMY",1206
"STATUTORY RAPE-2ND DEGRE",1003
"RAPE",896
"CHILD MOLEST-1ST DEGREE",793
"STATUTORY SODOMY-2ND DEG",766
"SEXUAL ASSAULT",724
"SEXUAL ABUSE 1ST DEGREE",553
"SEXUAL MISCONDUCT-1ST",541
"STATUTORY SODOMY-1ST DEG",493
"SEXUAL ABUSE",482
"DEVIATE SEXUAL ASSAULT",423
"STATUTORY RAPE-1ST DEGRE",381
"CHILD MOLEST-2ND DEGREE",370
"POSSESSION OF CHILD PORNOGRAPHY",255
"STAT SODOMY-1ST DEG-PERS UND 14",175
"STAT RAPE-1ST DEG-PERS UNDER 14",164
"SEX MISCON-CHILD-1ST OFF",157
"INCEST",155
"SEXUAL MISCONDUCT-2ND",143
"SEX MISCD/ATMP INVL CHLD-1ST OFNS",139
"ENDANGERING WELFARE OF A CHILD-1ST DEGREE",138
"CHILD MOLESTATION-1ST",128
"ATTEMPTED RAPE",105
"SEXUAL BATTERY",105
"AGGRAVATED CRIMINAL SEXUAL ABUSE",103
"SEXUAL ABUSE 2ND DEGREE",91
"CHILD MOLESTATION",83
"ENDANGER WELFARE CHILD",76
"SEX MISC-1ST-PRIOR CONV/WEAPON",58
"SEX ABUSE 3RD DEGREE",56
"STATUTORY SODOMY - FIRST DEGREE",52
"RAPE/ATMPT RAPE W/ WEAPON",49
"AGGRAVATED CRIMINAL SEXUAL ASSAULT",48
"INDECENT LIBERTIES WITH A CHILD",46
"SEXUAL ASLT 2ND DEG",42
"ATTEMPTED SODOMY",39
"AGGRAVATED SEXUAL ASSAULT",38
"SEXUAL MISCONDUCT-3RD",38
"ATTEMPTED CHILD MOLEST-1ST DEGREE",37
"INDECENT EXPOSURE",37
"ABUSE OF CHILD",35
"CRIMINAL SEXUAL ASSAULT",33
"CRIMINAL SEXUAL ABUSE",32
"SEXUAL ASSAULT 2ND DEGREE",32
"SODOMY - PHYS INJ/WEAPON",32
"SEXUAL ABUSE 3RD DEGREE",31
"AGGRAVATED SEXUAL BATTERY",29
"AGGRAVATED INDECENT LIBERTIES WITH A CHILD",28
"ATTEMPTED SEXUAL ASSAULT",28
"CHLD MOLST-2ND DEG-INJRY",28
"STATUTORY RAPE",28
"FURN PORNO/ATMPT TO MINOR",27
NA,27
"SEXUAL ASSAULT OF A CHILD",25
"USE CHILD-SEXUAL PERFORM",25
"AGGRAVATED INCEST",23
"ATTEMPTED STATUTORY RAPE-2ND DEGRE",23
"CHILD MOLEST-1ST-WEAPON",23
"CRIMINAL SEXUAL CONDUCT 2ND DEGREE",23
"SEXUAL ASSAULT 1ST DEGREE",23
"PROM CHILD PORNO 1ST DEG",22
"RAPE 2ND DEGREE",22
"SEX CONT W/INMATE-EMP OF COR FAC",22
"AGGRAVATED SEXUAL ASSAULT OF A CHILD",21
"ATTEMPTED STATUTORY SODOMY-2ND DEG",21
"ENTICE CHILD <15-ACTOR 21/OVER",21
"CRIMINAL SEXUAL CONDUCT 3RD DEGREE",20
"INDECENT SOLICITATION OF A CHILD",20
"POSS CHILD PORN-2ND OR VID/PIC",20
"SEXUAL MISCONDUCT",20
"STAT RAPE-1ST-WEAP/MULTI-UND 12",20
"CHILD PORNOGRAPHY",19
"SEX ABUSE-WEP/INJ->1PER/VIC<14",19
"SEX MISCONDUCT-2ND-P/O",19
"ATTEMPTED STATUTORY SODOMY-1ST DEG",18
"CHILD MOLES-1ST DEG-INJRY",18
"DEV SEX ASSLT 2ND DEGREE",18
"RAPE 3RD DEGREE",18
"SEXUAL ASSAULT ON A CHILD",18
"ATMPT-ENTICE CHILD<15-ACTR 21/OVR",17
"INDECENCY WITH A CHILD",17
"ATTEMPTED DEVIATE SEXUAL ASSAULT",16
"ATTEMPTED STATUTORY RAPE-1ST DEGRE",16
"ENDNG WELFARE OF CHILD-2ND DEGREE",16
"FORCIBLE SODOMY-DEV SEXUAL INT",16
"LASCIVIOUS ACTS WITH A CHILD",16
"LEWD AND LASCIVIOUS ACTS",16
"CRIMINAL SEXUAL CONDUCT 4TH DEGREE",15
"POSS CHILD PORN MATERIAL",15
"SEX ABUSE 1ST - PHY HARM",15
"FORCIBLE RAPE",14
"INDECENT LIBERTIES WITH CHILD",14
"LEWD MOLESTATION",14
"RAPE 1ST DEGREE",14
"SEXUAL ASSAULT ON CHILD",14
"SEXUAL EXPLOITATION OF A CHILD",14
"ATTEMPTED STAT SODOMY-1ST DEG-PERS UND 14",13
"CHLD MOLES-1ST DEG-INJRY",13
"CRIMINAL SEXUAL CONDUCT",13
"GROSS SEXUAL IMPOSITION",13
"LEWD OR LASCIVIOUS ACTS WITH A CHILD UNDER 14",13
"SEX MISCON-CHILD-2ND OFF",13
"FELONIOUS RESTRAINT",12
"INDECENT LIBERTIES WITH MINOR",12
"AGGRAVATED SEXUAL ABUSE",11
"ATTEMPTED AGGRAVATED INDECENT LIBERTIES WITH A CHILD",11
"ATTEMPTED SEXUAL ABUSE",11
"FORCIBLE RAPE - FORCIBLE COMPULSION",11
"FORCIBLE SODOMY",11
"KIDNAPPING",11
"LEWD AND LASCIVIOUS BEHAVIOR",11
"RAPE BY FORCE",11
"SEXUAL ABUSE OF A CHILD",11
"SEXUAL ASSAULT 3RD DEGREE",11
"ATTEMPTED AGGRAVATED SEXUAL BATTERY",10
"ATTEMPTED RAPE/ATMPT RAPE W/ WEAPON",10
"DV SEX ASLT 1ST DDW/INJ",10
"FORC SODOMY-W WPN OR INJ",10
"INDECENT ASSAULT",10
"INDECENT LIBERTIES",10
"ORAL COPULATION",10
"SEXUAL EXPLOITATION OF A MINOR",10
"AGGRAVATED CRIMINAL SODOMY",9
"AGGRAVATED INDECENT SOLICITATION OF A CHILD",9
"ATTEMPTED SEXUAL BATTERY",9
"CHILD/SEX PERFORMANCE",9
"CRIMINAL SEXUAL CONDUCT 1ST DEGREE",9
"INDECENCY WITH CHILD",9
"INDECENT LIBERTIES WITH A MINOR",9
"LEWD AND LASCIVIOUS ACTS WITH A CHILD",9
"PROM CHILD PORNO-2ND DEG",9
"SEXUAL ASSAULT 4TH DEGREE",9
"ASSAULT TO COMMIT RAPE",8
"ATTEMPTED CHILD MOLESTATION",8
"ATTEMPTED INDECENT LIBERTIES WITH A CHILD",8
"CARNAL KNOWLEDGE",8
"LEWD OR LASCIVIOUS ACTS WITH A CHILD",8
"LEWD OR LASCIVIOUS ACTS WITH CHILD UNDER 14",8
"PREDATORY CRIMINAL SEXUAL ASSAULT",8
"AGGRAVATED INDECENT LIBERTIES W/CHILD",7
"ANNOY/MOLEST CHILDREN",7
"ASSAULT WITH INTENT TO COMMIT RAPE",7
"ASSAULT WITH INTENT TO COMMIT SEXUAL ABUSE",7
"ATTEMPTED STAT RAPE-1ST DEG-PERS UNDER 14",7
"INDECENCY WITH A CHILD-SEXUAL CONTACT",7
"LEWD & LASCIVIOUS ACTS",7
"LEWD & LASCIVIOUS ACTS WITH A CHILD",7
"RAPE OF A CHILD",7
"AGGRAVATED RAPE",6
"AGGRAVATED SEXUAL ASSAULT CHILD",6
"ATMP ENTICE-ACTOR > 21/CHILD < 15",6
"ATTEMPTED ENTICE CHILD <15-ACTOR 21/OVER",6
"ATTEMPTED SEX MISCD/ATMP INVL CHLD-1ST OFNS",6
"INDECENT CONTACT WITH A CHILD",6
"LEWD/LASCIVIOUS ACTS WITH A CHILD",6
"PROMOT PROST - 3RD DEG",6
"PROMOTING OBSCENITY-1ST DEGREE",6
"RECEIPT OF CHILD PORNOGRAPHY",6
"SEX MISCD/ATMP INVL CHLD 2ND/SUB",6
"SEXUAL EXPLOITATION-CHILD",6
"AGGRAVATED INDECENT LIBERTIES WITH CHILD",5
"ATTEMPT FORCIBLE RAPE",5
"ATTEMPTED AGGRAVATED INDECENT LIBERTIES",5
"ATTEMPTED AGGRAVATED INDECENT LIBERTIES W/CHILD",5
"ATTEMPTED ATTEMPT FORCIBLE RAPE",5
"ATTEMPTED SEXUAL ABUSE 1ST DEGREE",5
"CARNAL ABUSE 1ST DEGREE",5
"CHILD MOLEST-2ND-WEAPON",5
"CHILD MOLESTATION 1ST DEGREE",5
"CONSPIRACY RAPE",5
"RECEIPT OF CHILD PORNOGRAPHY OVER THE INTERNET",5
"SEX ABUS 2ND PHYS HARM",5
"SEX WITH A MINOR",5
"SEXUAL ABUSE 1ST",5
"SEXUAL CONDUCT WITH A MINOR",5
"SEXUAL CONDUCT WITH MINOR",5
"SEXUAL MISCONDUCT WITH A MINOR",5
"SODOMY 1ST DEGREE",5
"2ND DEGREE SEXUAL ASSAULT OF A CHILD",4
"AGE MISREP W/INTENT SOLCT MINOR",4
"AGG CRIMINAL SEXUAL ABUSE",4
"AGGRAVATED INDECENT SOLICITATION",4
"AGGRAVATED INDECENT SOLICITATION OF CHILD",4
"AGGRAVATED SODOMY",4
"ASSAULT WITH INTENT TO COMMIT SEX ABUSE",4
"ATTEMPTED CHILD MOLESTATION-1ST",4
"ATTEMPTED FORCIBLE RAPE",4
"ATTEMPTED PROM SEX PERFORM BY CHID",4
"ATTEMPTED SEXUAL ASSAULT 2ND DEGREE",4
"CARNAL ABUSE 3RD DEGREE",4
"CRIMINAL SEXUAL CONDUCT 2ND",4
"CRIMINAL SEXUAL CONDUCT 4TH DEGREE (FORCE OR COERCION)",4
"DISTRIBUTION OF CHILD PORNOGRAPHY",4
"DV SEX ASSLT 2ND DDW/INJ",4
"ENTICE CHILD-ACTOR 21-CHLD<15",4
"INDECENT ACTS WITH A MINOR",4
"INDECENT LIBERTIES W/CHILD",4
"INDECENT SOLICITATION OF CHILD",4
"LEWD & LASCIVIOUS BEHAVIOR",4
"LEWD AND LASCIVIOUS ACTS WITH CHILD",4
"LEWD AND LASCIVIOUS ACTS WITH CHILD UNDER 14",4
"LEWD AND LASCIVIOUS CONDUCT",4
"LEWD OR INDECENT PROPOSALS/ACTS TO A CHILD",4
"LEWD OR INDECENT PROPOSALS/ACTS TO CHILD",4
"MOLESTATION OF A JUVENILE",4
"POSSESSION CHILD PORNOGRAPHY",4
"SEXUAL ABUSE OF A MINOR",4
"SEXUAL ASSAULT 1ST",4
"SEXUAL ASSAULT 2ND",4
"SEXUAL ASSAULT 3RD",4
"SEXUAL ASSAULT OF A CHILD 2ND DEGREE",4
"SEXUAL MOLESTATION",4
"SODOMY 2ND DEGREE",4
"SODOMY 3RD DEGREE",4
"STATUTORY RAPE 2ND DEGREE",4
"1ST DEGREE SEXUAL ASSAULT",3
"AGG INDECENT LIBERTIES WITH A CHILD",3
"AGGRAVATED CRIMINAL SEXUAL ABUSE/VICTIM 13-16",3
"AGGRAVATED INDECENT LIBERTIES",3
"AGGRAVATED SEXUAL ASSAULT OF CHILD",3
"AGGRAVATED SEXUAL ASSAULT ON A CHILD",3
"AGGREVATED CRIMINAL SEXUAL ASSAULT",3
"ATMP STAT SOD-1ST-INJ/WEP-VIC<12",3
"ATTEMPT RAPE",3
"ATTEMPTED AGGRAVATED INDECENT LIBERTIES WITH CHILD",3
"ATTEMPTED AGGRAVATED SOLICITATION OF A CHILD",3
"ATTEMPTED CRIMINAL SODOMY",3
"ATTEMPTED FORCIBLE RAPE - FORCIBLE COMPULSION",3
"ATTEMPTED RAPE 1ST DEGREE",3
"ATTEMPTED SEXUAL MISCONDUCT-1ST",3
"ATTEMPTED SODOMY - PHYS INJ/WEAPON",3
"CHILD MOLESTATION 2ND DEGREE",3
"CONSPIRACY SEXUAL ASSAULT",3
"CONTINUOUS SEXUAL ABUSE OF A CHILD",3
"CORRUPTION OF A MINOR",3
"CRIMINAL SODOMY",3
"ELECTRONIC SOLICITATION OF A CHILD",3
"ENDNGR WLFR CHILD-1ST-SEX CNDT",3
"ENTICE CHILD-ACTOR>21/CHILD<15",3
"ENTICEMENT OF A CHILD",3
"FORC RAPE-INJ/WEP->1PRSN/VIC<12",3
"GROSS SEXUAL ASSAULT",3
"INDECENCY WITH A CHILD SEXUAL CONTACT",3
"INDECENT ACTS",3
"INDECENT ASSAULT AND BATTERY OF A CHILD UNDER 14",3
"INDECENT SOLICITATION",3
"INDECENY WITH A CHILD",3
"LASCIVIOUS ACTS WITH CHILD",3
"LEWD & LASCIVIOUS ACTS WITH CHILD UNDER 14",3
"LEWD & LASCIVIOUS CONDUCT",3
"LEWD ACT WITH A MINOR",3
"LEWD AND LASCIVIOUS ACTS WITH A CHILD UNDER 14",3
"LEWD OR LASCIVIOUS MOLESTATION",3
"LEWD, LASCIVIOUS CHILD UNDER 16",3
"POSSESSION OF OBSCENE MATERIAL",3
"PROM CHILD PORNO 2ND DEG",3
"PROM SEX PERFORM BY CHID",3
"RAPE OF A CHILD 3RD DEGREE",3
"RECEIVING CHILD PORNOGRAPHY",3
"SEX ABUSE 3RD - DD WEAPON",3
"SEX OFFENSE 3RD DEGREE",3
"SEXUAL ABUSE 2ND",3
"SEXUAL ASSAULT OF A MINOR",3
"SEXUAL IMPOSITION",3
"SEXUAL INTERCOURSE",3
"UNLAWFUL SEXUAL ACTIVITY WITH A MINOR",3
"UNLAWFUL SEXUAL CONTACT",3
"UNLAWFUL SEXUAL INTERCOURSE",3
"UNLAWFUL SEXUAL INTERCOURSE WITH MINOR",3
"1ST DEGREE SEXUAL ABUSE",2
"2ND DEGREE SEXUAL ASSAULT OF CHILD",2
"3RD DEGREE SEXUAL ASSAULT",2
"AGG CRIM SEX ABUSE",2
"AGGRAVATED CRIMINAL SEX ABUSE",2
"AGGRAVATED FELONIOUS SEXUAL ASSAULT",2
"AGGRAVATED LIBERTIES WITH A CHILD",2
"AGGRAVATED SEXUAL ASSAULT WITH CHILD",2
"ASSAULT W/INTENT TO COMMIT SEXUAL ABUSE",2
"ASSAULT W/INTENT TO COMMIT SEXUAL PENETRATION",2
"ASSAULT WITH INTENT TO RAPE",2
"ATT ENTICE CHILD-ACT21-CHLD<15",2
"ATTEMPT CRIMINAL SEXUAL ASSAULT",2
"ATTEMPT FORCIBLE SODOMY",2
"ATTEMPT TO RECEIVE CHILD PORNOGRAPHY",2
"ATTEMPTED ABUSE OF CHILD",2
"ATTEMPTED AGGRAVATED CRIMINAL SODOMY",2
"ATTEMPTED AGGRAVATED INCEST",2
"ATTEMPTED AGGRAVATED INDECENT SOLICITATION OF A CHILD",2
"ATTEMPTED ATMP ENTICE-ACTOR > 21/CHILD < 15",2
"ATTEMPTED FORC SODOMY-W WPN OR INJ",2
"ATTEMPTED FURN PORNO/ATMPT TO MINOR",2
"ATTEMPTED INDECENT SOLICITATION OF A CHILD",2
"ATTEMPTED RECEIPT OF CHILD PORNOGRAPHY OVER THE INTERNET",2
"ATTEMPTED SEXUAL ASSAULT OF A CHILD",2
"ATTEMPTED SEXUAL ASSAULT ON A CHILD",2
"ATTEMPTED SEXUAL CONDUCT WITH MINOR",2
"ATTEMPTED STATUTORY SODOMY - FIRST DEGREE",2
"CARNAL ABUSE",2
"CARNAL KNOWLEDGE OF A JUVENILE",2
"CARNAL KNOWLEDGE OF A MINOR",2
"CHILD FONDLING",2
"CHILD MOLEST-1ST DEG-VIC<12-PREV",2
"CHILD MOLESTING",2
"COMPUTER CHILD PORNOGRAPHY",2
"CONSPIRACY STATUTORY RAPE-2ND DEGRE",2
"CRIMES AGAINST NATURE",2
"CRIMINAL ATTEMPTED RAPE",2
"CRIMINAL SEXUAL CONDUCT 3RD",2
"CRIMINAL SEXUAL MISCONDUCT",2
"CRIMINAL SEXUAL MISCONDUCT 2ND DEGREE",2
"CRIMINAL SEXUAL PENETRATION OF A MINOR",2
"FELONIOUS SEXUAL ASSAULT",2
"FORCIBLE TOUCHING",2
"FURN PORNO/ATMPT MINORS-2ND OFNS",2
"INDECENCY WITH CHILD BY CONTACT",2
"INDECENCY WITH MINOR",2
"INDECENT ACTS WITH A CHILD",2
"INDECENT ACTS WITH CHILD",2
"INDECENT LIBERTIES W/ A CHILD",2
"INDECENT LIBERTIES W/ MINOR",2
"INDECENT LIBERTIES W/MINOR",2
"INTERSTATE TRAVEL TO ATTEMPT TO ENGAGE IN SEXUAL ACT WITH A MINOR",2
"KIDNAP-FACIL FEL/INJURY/TERROR",2
"KIDNAPPING OF A SEXUAL NATURE",2
"LASCIVIOUS ACTS",2
"LASCIVIOUS ACTS WITH A MINOR",2
"LEWD ACT ON CHILD UNDER 14",2
"LEWD ACT UPON A CHILD",2
"LEWD ACTS UPON A CHILD",2
"LEWD ACTS WITH MINOR",2
"LEWD AND LACIVIOUS ACTS WITH A CHILD",2
"LEWD AND LACIVIOUS BEHAVIOR",2
"LEWD AND LASCIVIOUS ACTS WITH MINOR",2
"LEWD AND LASCIVIOUS MOLESTATION",2
"LEWD CONDUCT WITH A CHILD",2
"LEWD CONDUCT WITH A MINOR",2
"LEWD CONDUCT WITH MINOR",2
"LEWD OR LASCIVIOUS ACT WITH A CHILD",2
"LEWD/LASCIVIOUS ACT WITH A CHILD",2
"LEWD/LASCIVIOUS BEHAVIOR",2
"ORAL COPULATION WITH PERSON UNDER 18",2
"PANDERING A CHILD",2
"POSS OF CHILD PORNOGRAPHY",2
"POSSESS CHILD PORN-2ND OFFENSE",2
"POSSESSESSION OF CHILD PORNOGRAPHY",2
"POSSESSION OF CHILD PORN",2
"POSSESSION OF CHILD PORNGRAPHY",2
"POSSESSION OF PORNOGRAPHIC MATERIALS",2
"POSSESSION OF PORNOGRAPHY",2
"PROMOT PROST - 1ST DEG",2
"PROMOT PROST - 2ND DEG",2
"PROMOTE CHILD PORN TO MINOR-1ST DEG",2
"PUBLIC SEXUAL INDECENCY",2
"RAPE BY INSTRUMENTATION",2
"RAPE OF A CHILD 2ND DEGREE",2
"SEX ABUSE 2ND DEGREE",2
"SEX ABUSE 3RD",2
"SEX ASSAULT ON A CHILD",2
"SEX ASSLT 1ST VICT INCA",2
"SEX CONTCT W/STU BY EMPL/VLNTR",2
"SEX OFFENSE",2
"SEX PERM-CHILD-EMOT INJY",2
"SEXUAL ABUSE 3RD",2
"SEXUAL ABUSE IN THE 2ND DEGREE",2
"SEXUAL ASSAULT 2ND DEGREE OF A CHILD",2
"SEXUAL ASSAULT CHILD",2
"SEXUAL ASSAULT OF CHILD",2
"SEXUAL CONDUCT 3RD DEGREE",2
"SEXUAL CONTACT WITH MINOR",2
"SEXUAL EXPLOITATION OF CHILD",2
"SEXUAL INDECENCY WITH A CHILD",2
"SEXUAL INTERCOURSE WITH VICTIM",2
"SEXUAL INTERCOURSE WITHOUT CONSENT",2
"SEXUAL MISCONDUCT WITH MINOR",2
"SEXUAL PENETRATION WITH FOREIGN OBJECT",2
"SEXUAL PERFORMANCE BY A CHILD",2
"SEXUALLY MOTIVATED ASSAULT",2
"SODOMY OF A CHILD",2
"STATUTORY SEXUAL SEDUCTION",2
"STATUTORY SODOMY",2
"TRANSPORTATION OF CHILD PORNOGRAPHY",2
"TRAVEL WITH INTENT TO ENGAGE IN ILLICIT SEXUAL CONDUCT",2
"UNLAWFUL CONTACT WITH MINOR",2
"UNLAWFUL SEX WITH MINOR",2
"UNLAWFUL SEXUAL CONDUCT WITH A MINOR",2
"UNLAWFUL SEXUAL CONTACT 3RD DEGREE",2
"VIOLATION OF A MINOR",2
"VIOLATION OF MINOR 2ND DEGREE",2
"1995 RAPE",1
"1ST DEG SEXUAL ASSAULT - AGAINST CHILD",1
"1ST DEGREE SEXUAL ASSAULT OF CHILD",1
"2ND DEG SEXUAL ASSAULT-AGAINST CHILD",1
"2ND DEGREE CHILD SEXUAL ABUSE",1
"2ND DEGREE RAPE",1
"2ND DEGREE SEXUAL ABUSE",1
"3RD DEGREE CHILD MOLESTATION",1
"3RD DEGREE SEXUAL ABUSE",1
"4TH DEGREE CRIMINAL SEXUAL CONTACT",1
"4TH DEGREE SEXUAL ASSAULT",1
"ABUSE CHILD-PROHIBITED SEX ACT",1
"ABUSIVE SEXUAL CONDUCT",1
"ACCEDING TO CORRUPTION BY PUBLIC SERVANT",1
"ACCESSORY ENDNG WELFARE OF CHILD-2ND DEGREE",1
"ACCESSORY RAPE",1
"ACCESSORY SODOMY",1
"ACCOST/ENTICE CHILD IMMORAL PURPOSES",1
"AFFRAVATED CRIMINAL SEXUAL ABUSE",1
"AGG CRIM SEX ABUSE / VIC 13-16",1
"AGG CRIM SEX ASSLT",1
"AGG CRIM SEXUAL ABUSE",1
"AGG CRIM SEXUAL ASSAULT",1
"AGG CRIMINAL SEXUAL ASSAULT",1
"AGG CRIMINAL SODOMY W/ CHILD FONDLING AND ORAL SEX W/ 7 DIFFERENT VICTIMS",1
"AGG CRIMINAL SODOMY W/ CHILD FONDLING AND ORAL SEX W/ 7DIFFERENT VICTIMS",1
"AGG INDECENT LIB WITH CHILD LESS THAN 14;FONDLING",1
"AGG INDECENT LIBERTIES W/ CHILD ENGAGED IN SEXUAL INTERCOURSE W/ MINOR",1
"AGG INDECENT SOLICITATION OF A CHILD",1
"AGG SEXUAL ABUSE",1
"AGG SEXUAL ASSAULT CHILD",1
"AGG SEXUAL ASSAULT OF A CHILD",1
"AGG SEXUAL BATTERY",1
"AGGERVATED SEX ABUSE",1
"AGGR SEXUAL ASSAULT/SEXUAL ABUSE",1
"AGGRAVATED ASSAULT",1
"AGGRAVATED ASSAULT WITH INTENT TO RAPE",1
"AGGRAVATED CRIMINAL SEX ABUSE/ VIC 13-16",1
"AGGRAVATED CRIMINAL SEX ASSAULT",1
"AGGRAVATED CRIMINAL SEXUAL ABUSE /VICTIM <13",1
"AGGRAVATED CRIMINAL SEXUAL ABUSE OF A CHILD UNDER 13",1
"AGGRAVATED CRIMINAL SEXUAL ABUSE VICTIM UNDER 13",1
"AGGRAVATED CRIMINAL SEXUAL ABUSE WITH CHILD",1
"AGGRAVATED CRIMINAL SEXUAL ABUSE/BODILY HARM",1
"AGGRAVATED CRIMINAL SEXUAL ABUSE/VIC <13",1
"AGGRAVATED CRIMINAL SEXUAL ABUSE/VIC<13",1
"AGGRAVATED CRIMINAL SEXUAL ABUSE/VICTIM <13",1
"AGGRAVATED CRIMINAL SEXUAL ASSAULT WITH A WEAPON",1
"AGGRAVATED CRIMINAL SEXUAL ASSAULT/BODILY HARM",1
"AGGRAVATED CRIMINAL SEXUAL ASSAULT/WEAPON",1
"AGGRAVATED CRIMINAL SEXUAL CONDUCT 2ND DEGREE",1
"AGGRAVATED CRIMINAL SEXUAL FELONY ASSAULT",1
"AGGRAVATED CRIMINAL SODOMY W/CHILD",1
"AGGRAVATED CRIMINAL SODOMY W/CHILD <14",1
"AGGRAVATED CRIMINAL SODOMY WITH AN ANIMAL",1
"AGGRAVATED CRIMINAL SODOMY; SODOMY WITH A CHILD UNDER 14",1
"AGGRAVATED CRIMNAL SEXUAL ABUSE",1
"AGGRAVATED EXPLOITATION OF A MINOR",1
"AGGRAVATED INDECENT LIBERTIES GE 14 LESS THAN 16",1
"AGGRAVATED INDECENT LIBERTIES W/ A MINOR",1
"AGGRAVATED INDECENT LIBERTIES W/CHILD;<14 YOA; LEWD FONDLING/TOUCHING",1
"AGGRAVATED INDECENT LIBERTIES W/CHILD;<14; LEWD FONDLING/TOUCHING",1
"AGGRAVATED INDECENT LIBERTIES W/CHILD<14; LEWD FONDLING/TOUCHING",1
"AGGRAVATED INDECENT LIBERTIES W/MINOR",1
"AGGRAVATED INDECENT LIBERTIES W/MINOR (ATTEMPT)",1
"AGGRAVATED INDECENT LIBERTIES WITH A CHILD BETWEEN 14 AND 16",1
"AGGRAVATED INDECENT LIBERTIES WITH A CHILD LESS THAN 16",1
"AGGRAVATED INDECENT LIBERTIES WITH A CHILD UNDER 16",1
"AGGRAVATED INDECENT LIBERTIES WITH A MINOR CHILD",1
"AGGRAVATED INDECENT LIBERTIES WITH MINOR",1
"AGGRAVATED INDECENT LIBERTIES/SOLICITATION",1
"AGGRAVATED INDECENT SOLICIATION WITH A CHILD",1
"AGGRAVATED INDECENT SOLICITATION CHILD",1
"AGGRAVATED INDECENT SOLICITATION OF A CHILD UNDER 18",1
"AGGRAVATED KIDNAPPING",1
"AGGRAVATED RAPE;USE OF A MINOR FOR OBSCENE PURPOSES",1
"AGGRAVATED SEX BATTERY",1
"AGGRAVATED SEXUAL ASSAULT- INDECENCY WITH A CHILD",1
"AGGRAVATED SEXUAL ASSAULT 1ST DEGREE",1
"AGGRAVATED SEXUAL ASSAULT OF A CHILD 2ND DEGREE",1
"AGGRAVATED SEXUAL ASSAULT OF MINOR",1
"AGGRAVATED SEXUAL ASSAULT WITH A CHILD",1
"AGGRAVATED SEXUAL ASSAULT/SEXUAL ABUSE",1
"AGGRAVATED SEXUAL ASSUALT OF A CHILD",1
"AGGRAVATED SEXUAL EXPLOITATION OF MINOR",1
"AGGRAVATED SEXUAL EXPLORITATION OF A MINOR",1
"AGGRAVATED STATUTORY RAPE",1
"AGGRAVTED CRIMINAL SODOMY",1
"AGGREVATED INDECENT SOLICIATION OF A MINOR",1
"AGGREVATED INDECENT SOLICITATION OF A CHILD",1
"AGGREVATED SEXUAL BATTERY",1
"ANAL & GENITAL PENETRATION BY FOREIGN OBJECT",1
"ANNOY/MOLESTATION OF A CHILD",1
"ANNOYANCE OF A CHILD",1
"ANNOYING CHILD",1
"APPEMPTED INDECENT LIBERTIES WITH A CHILD",1
"ASSAULT 2ND DEGREE - SEXUAL MOTIVATED",1
"ASSAULT 3RD - SEXUALLY MOTIVATED",1
"ASSAULT 3RD DEGREE - SEXUALLY MOTIVATED",1
"ASSAULT AND BATTERY ON MINOR",1
"ASSAULT OF CHILD/INDECENT EXPOSURE",1
"ASSAULT TO COMMIT SEXUAL ABUSE/NO INJURY",1
"ASSAULT TO COMMIT SEXUAL ACT",1
"ASSAULT W/INTENT TO COMMIT SEXUAL ABUSE 2ND DEGREE",1
"ASSAULT WITH INTENT FOR SEXUAL ABUSE",1
"ASSAULT WITH INTENT SEXUAL ABUSE",1
"ASSAULT WITH INTENT TO COMMIT A FELONY",1
"ASSAULT WITH INTENT TO COMMIT SEX ABUSE - NO INJURY",1
"ASSAULT WITH INTENT TO COMMIT SEXUAL ASSAULT",1
"ASSAULT WITH INTENT TO COMMIT SEXUAL PENETRATION",1
"ASSAULT WITH INTENT TO SEX ABUSE/NO INJUIRY",1
"ASSAULT WITH INTENT TO SEXUALLY ABUSE",1
"ASSLT WITH INTENT TO COMMIT SEXUAL ABUSE",1
"ASST CRIMINAL SEXUAL ASSAULT",1
"ATM FORC RAPE-WEP/INJ->1/VIC<12",1
"ATM FORC SOD-WEP/INJ->1PER/VIC<12",1
"ATMPT STAT SODOMY-1ST DEG-PERS<14",1
"ATT AGG INDECENT LIBERTIES WITH A CHILD",1
"ATT AGGRAVATED INDECENT LIBERTIES",1
"ATT AGGRAVATED INDECENT LIBERTIES W/CHILD",1
"ATT ENTICEMENT OF MINOR/INTERNET",1
"ATT INDECENT ACTS",1
"ATT INDECENT LIBERTIES W/CHILD",1
"ATT RAPE",1
"ATT RAPE 2ND DEGREE",1
"ATT SEXUAL ABUSE OF A CHILD 3RD",1
"ATT UNLAWFUL SEXUAL INTERCOURSE",1
"ATTEMP AGGRAVATED INDECENT LIBERTIES WITH A CHILD",1
"ATTEMP TRANSPORTING A PROSTITUTE",1
"ATTEMPED LEWDNESS WITH MINOR UNDER 14",1
"ATTEMPT AGGRAVATED CRIMINAL SEXUAL ABUSE",1
"ATTEMPT AGGRAVATED INDECENT LIBERTIES WITH A CHILD",1
"ATTEMPT AGGRAVATED SEXUAL ASSAULT",1
"ATTEMPT CHILD MOLESTATION",1
"ATTEMPT CRIMINAL SEXUAL CONDUCT",1
"ATTEMPT CRIMINAL SEXUAL CONDUCT - 3RD DEGREE",1
"ATTEMPT INDECENT LIBERTIES W/CHILD",1
"ATTEMPT KIDNAPPING",1
"ATTEMPT LEWDNESS WITH A MINOR",1
"ATTEMPT SEXUAL ABUSE",1
"ATTEMPT SEXUAL ASSAULT ON A CHILD",1
"ATTEMPT SEXUAL ASSAULT ON CHILD",1
"ATTEMPT TO COMMIT CRIMINAL SEXUAL PENETRATION OF A MINOR",1
"ATTEMPT TO COMMIT SEXUAL ASSAULT ON A CHILD UNDER THE AGE OF 16 YEARS",1
"ATTEMPT TO COMMIT SEXUAL CONDUCT WITH A MINOR",1
"ATTEMPT TO COMMIT SEXUAL PENETRATION WITH OBJECT",1
"ATTEMPT TO ENTICE A MINOR TO ENGAGE IN PROHIBITITED SEXUAL ACTIVITY",1
"ATTEMPT TO ENTICE CHILD ON INTERNET",1
"ATTEMPTED 1ST DEGREE FORCIBLE SEXUAL ASSAULT",1
"ATTEMPTED 1ST DEGREE SEX ASSAULT F3",1
"ATTEMPTED AGE MISREP W/INTENT SOLCT MINOR",1
"ATTEMPTED AGG CRIMINAL SODOMY",1
"ATTEMPTED AGG INDECENT LIBERTIES",1
"ATTEMPTED AGG INDECENT LIBERTIES W/CHILD",1
"ATTEMPTED AGGRAVATED CRIMINAL SEXUAL ABUSE",1
"ATTEMPTED AGGRAVATED CRIMINAL SEXUAL ASSAULT",1
"ATTEMPTED AGGRAVATED INDECENT LIBERTIES W/CHILD <14 LEWD FONDLING/TOUCHING",1
"ATTEMPTED AGGRAVATED INDECENT LIBERTIES W/CHILD <14, LEWD FONDLING/TOUCHING",1
"ATTEMPTED AGGRAVATED INDECENT LIBERTIES WITH MINOR",1
"ATTEMPTED AGGRAVATED INDENCENT LIBERTIES W/CHILD",1
"ATTEMPTED AGGRAVATED SEXUAL ABUSE OF A CHILD",1
"ATTEMPTED AGGRAVATED SEXUAL ASSAULT",1
"ATTEMPTED ATM FORC RAPE-WEP/INJ->1/VIC<12",1
"ATTEMPTED ATMP STAT SOD-1ST-INJ/WEP-VIC<12",1
"ATTEMPTED ATTEMPT FORCIBLE SODOMY",1
"ATTEMPTED CAPITAL SEXUAL BATTERY",1
"ATTEMPTED CHILD MOLES-1ST DEG-INJRY",1
"ATTEMPTED CHILD MOLEST-2ND DEGREE",1
"ATTEMPTED CRIMINAL SEXUAL CONDUCT",1
"ATTEMPTED CRIMINAL SEXUAL CONDUCT 1ST DEGREE",1
"ATTEMPTED CRIMINAL SEXUAL CONDUCT 3RD DEGREE",1
"ATTEMPTED CRIMINAL SODOMY WITH A CHILD",1
"ATTEMPTED DV SEX ASLT 1ST DDW/INJ",1
"ATTEMPTED ELECTRONIC SOLICITATION",1
"ATTEMPTED ENTICEMENT OVER INTERNET OF A MINOR TO ENGAGE IN ILLEGAL SEXUAL ACTIVITY",1
"ATTEMPTED ENTICING A MINOR OVER THE INTERNET",1
"ATTEMPTED FELONY CRIMINAL SEXUAL CONDUCT 2ND DEGREE",1
"ATTEMPTED FORCIBLE SODOMY",1
"ATTEMPTED GROSS SEXUAL ASSAULT",1
"ATTEMPTED INCEST",1
"ATTEMPTED INDECENCY WITH A CHILD BY EXPOSURE",1
"ATTEMPTED INDECENT LIBERTIES",1
"ATTEMPTED INDECENT LIBERTIES WITH CHILD",1
"ATTEMPTED INDECENT SOLICITATION OF CHILD",1
"ATTEMPTED LEWD & LASCIVIOUS ACT",1
"ATTEMPTED LEWD AND LASCIVIOUS ACTS",1
"ATTEMPTED LEWD AND LASCIVIOUS CONDUCT WITH MINOR",1
"ATTEMPTED LEWD OR LASCIVIOUS CONDUCT ON A CHILD",1
"ATTEMPTED LEWDNESS W/FEMALE UNDER 18",1
"ATTEMPTED MOLESTATION",1
"ATTEMPTED MOLESTATION OF A CHILD",1
"ATTEMPTED ORAL COPULATION",1
"ATTEMPTED POSSESS CHILD PORN-2ND OFFENSE",1
"ATTEMPTED PROMOTING OBSCENITY-1ST DEGREE",1
"ATTEMPTED RAPE 2ND DEGREE",1
"ATTEMPTED RAPE,SEX INTERCOURSE W CHILD LESS THAN 14",1
"ATTEMPTED SEX ABUSE 3RD DEGREE",1
"ATTEMPTED SEX ASSAULT",1
"ATTEMPTED SEX ASSLT 1ST INJ/WEAPON",1
"ATTEMPTED SEXUAL ABUSE 1ST",1
"ATTEMPTED SEXUAL ASLT 2ND DEG",1
"ATTEMPTED SEXUAL ASSAULT-FORCE",1
"ATTEMPTED SEXUAL ASSAULT-INTERNET LURING OF A CHILD",1
"ATTEMPTED SEXUAL ASSAULT 1ST DEGREE",1
"ATTEMPTED SEXUAL ASSAULT OF A CHILD 1ST DEGREE",1
"ATTEMPTED SEXUAL ASSAULT OF A MINOR",1
"ATTEMPTED SEXUAL ASSAULT WITH CHILD",1
"ATTEMPTED SEXUAL BATTERY-CHILD",1
"ATTEMPTED SEXUAL BATTERY;ATTEMPTED ANAL INTERCOURSE",1
"ATTEMPTED SEXUAL EXPLOITATION OF A CHILD",1
"ATTEMPTED SEXUAL EXPLOITATION OF A MINOR",1
"ATTEMPTED SEXUAL EXPLOTATION OF CHILD",1
"ATTEMPTED SEXUAL MISCONDUCT",1
"ATTEMPTED STATUTORY RAPE 1ST DEGREE",1
"ATTEMPTED UNLAWFUL SEX WITH A MINOR THROUGH INTERSTATE COMMERCE",1
"ATTEMPTED UNLAWFUL SEXUAL INTERCOURSE",1
"ATTEMPTED USE CHILD-SEXUAL PERFORM",1
"ATTEMPTED USE OF A CHILD IN A SEXUAL PERFORMANCE",1
"ATTEMPTED/CHILD SEDUCTION",1
"ATTEMTED 1ST DEGREE SEX OFFENSE",1
"ATTEMTPED AGGRAVATED INDECENT LIBERTIES WITH A CHILD",1
"BURGLARY (SEXUALLY MOTIVATED)",1
"BURGLARY 1ST WITH SEXUAL MOTIVATION",1
"CARNAL KNOWLEDGE WITH A CHILD",1
"CARNAL KNOWLEDGE/INDECENT ACTS WITH CHILD UNDER 16",1
"CAUSE/PERMIT INJURY/SEX ABUSE TO A CHILD",1
"CAUSE/PROCURE/PERMIT INJURY OR SEX ABUSE TO CHILD",1
"CERTAIN ACTIVITIES RELATING TO MATERIAL CONSTITUTING OR CONTAINING CHILD PORNOGRAPHY",1
"CHILD ABUSE",1
"CHILD ABUSE-SER EMOT INJ",1
"CHILD ABUSE - MOLESTATION",1
"CHILD ABUSE (OF A SEXUAL NATURE)",1
"CHILD ABUSE BY A PARENT",1
"CHILD CRIMINAL SEXUAL CONTACT",1
"CHILD ENDANGERMENT PERMITTING SEXUAL ABUSE OF A CHILD",1
"CHILD FONDLING UNDER 16",1
"CHILD MOLESTATION - FONDLING",1
"CHILD MOLESTATION 1ST",1
"CHILD MOLESTATION 1ST DEGREE OFFENDER MOVED TO SANTA BARBARA CALIFORNIA",1
"CHILD MOLESTATION 2ND",1
"CHILD MOLESTATION 3RD",1
"CHILD MOLESTATION 3RD DEGREE",1
"CHILD PORN ON COUMPUTER",1
"CHILD PORNOGRAPHY ON COMPUTER",1
"CHILD PORNOGRAPHY ON THE COMPUTER",1
"CHILD PORNOGRAPHY VIA COMPUTER",1
"CHILD PROSTITUTION",1
"CHILD SEXUAL ABUSE",1
"CHILD/SEX-PROMOTION",1
"COERCION (SEXUALLY MOTIVATED)",1
"COERCION OR ENTICEMENT OF FEMALE",1
"COMMIT CARNAL KNOWLEDGE",1
"COMMUNICATE WITH A MINOR FOR IMMORAL PURPOSE",1
"COMMUNICATE WITH A MINOR FOR IMMORAL PURPOSES",1
"COMMUNICATE WITH MINOR FOR IMMORAL PURPOSES",1
"COMPUTER ENTICEMENT W/MINOR",1
"CONSENTING TO PARTICIPATION OF MINOR IN CHILD PORNOGRAPHY",1
"CONSPIRACY SODOMY",1
"CONSPIRACY STATUTORY RAPE-1ST DEGRE",1
"CONSPIRACY STATUTORY SODOMY-2ND DEG",1
"CONSPIRACY TO COMMIT AGGRAVATED SEXUAL ABUSE",1
"CONSPIRACY TO COMMIT RAPE",1
"CONSPIRACY TO COMMIT SOLICITATION OF A MINOR",1
"CONSPIRACY TO ENGAGE IN SEX TRAFFICKING OF A MINOR",1
"CONSPIRACY TO TRANSPORT CHILD PORNOGRAPHY",1
"CONTINUOUS LEWD AND LASCIVIOUS CONDUCT WITH A CHILD UNDER 14",1
"CORRUPTION OF A MINOR/SEXUAL INTERCOURSE",1
"CRIMES AGAINST CHILDREN/LEWD OR LASCIOUS BEHAVIOR",1
"CRIMES AGAINST CHILDREN/LEWD OR LASCIVIOUS",1
"CRIMES AGAINST CHILDREN/LEWD OR LASCIVOUS ACTS",1
"CRIMINAL ATTEMPT-SEXUAL ABUSE 1ST DEGREE",1
"CRIMINAL ATTEMPT RAPE 1ST DEGREE",1
"CRIMINAL ATTEMPT TO COMMIT SEXUAL ASSAULT ON A CHILD",1
"CRIMINAL CHILD ENTICEMENT",1
"CRIMINAL SEXUAL ABUSE (M) 1995",1
"CRIMINAL SEXUAL ABUSE (M)1995",1
"CRIMINAL SEXUAL ABUSE/VICTIM 13-17",1
"CRIMINAL SEXUAL ASSAULT-FORCE/THREAT",1
"CRIMINAL SEXUAL ASSAULT 2ND DEGREE",1
"CRIMINAL SEXUAL ASSAULT 4TH DEGREE",1
"CRIMINAL SEXUAL ASSAULT WITH FORCE",1
"CRIMINAL SEXUAL ASSAULT/BODILY HARM",1
"CRIMINAL SEXUAL ASSAULT/CANT CONSENT",1
"CRIMINAL SEXUAL ASSAULT/FORCE",1
"CRIMINAL SEXUAL ASSAULT/SODOMY",1
"CRIMINAL SEXUAL ASSAULT/VICTIM 13-17",1
"CRIMINAL SEXUAL CONDUCT-SEXUAL ASSAULT",1
"CRIMINAL SEXUAL CONDUCT - 4TH DEGREE (FORCE OR COERCION)",1
"CRIMINAL SEXUAL CONDUCT - FOURTH DEGREE (FORCE OR COERCION)",1
"CRIMINAL SEXUAL CONDUCT 1ST DEGREE - PERSON UNDER 13",1
"CRIMINAL SEXUAL CONDUCT 1ST DEGREE (PERSON UNDER 13)",1
"CRIMINAL SEXUAL CONDUCT 2ND DEG",1
"CRIMINAL SEXUAL CONDUCT 2ND DEGREE (PERSON UNDER 13)",1
"CRIMINAL SEXUAL CONDUCT 2ND DEGREE ASSAULT",1
"CRIMINAL SEXUAL CONDUCT 2ND DEGREE PERSON UNDER 13",1
"CRIMINAL SEXUAL CONDUCT 3RD DEGEGREE",1
"CRIMINAL SEXUAL CONDUCT 4TH (FORCE OR COERCION)",1
"CRIMINAL SEXUAL CONDUCT 4TH DEGREE- VICTIM 13-15 YEARS OLD",1
"CRIMINAL SEXUAL CONDUCT 5TH",1
"CRIMINAL SEXUAL CONDUCT 5TH DEGREE-NONCONSENSUAL SEX CONTACT",1
"CRIMINAL SEXUAL CONDUCT ASSAULT W/ INTENT TO COMMIT SEXUAL PENETRATION",1
"CRIMINAL SEXUAL CONDUCT ASSAULT W/INTENT TO COMMIT SEXUAL PENETRATION",1
"CRIMINAL SEXUAL CONDUCT FIRST DEGREE",1
"CRIMINAL SEXUAL CONDUCT FOURTH DEGREE",1
"CRIMINAL SEXUAL CONDUCT FOUTH DEGREE",1
"CRIMINAL SEXUAL CONDUCT IN THE THIRD DEGREE-FORCE/COERCION",1
"CRIMINAL SEXUAL CONDUCT WITH A MINOR < 11 YEARS OLD 1ST DEGREE",1
"CRIMINAL SEXUAL CONDUCT WITH CHILD UNDER 18",1
"CRIMINAL SEXUAL CONTACT",1
"CRIMINAL SEXUAL CONTACT 2ND DEGREE",1
"CRIMINAL SEXUAL CONTACT OF A MINOR",1
"CRIMINAL SEXUAL CONTACT WITH A MINOR",1
"CRIMINAL SEXUAL CONTACT WITH CHILD",1
"CRIMINAL SEXUAL CONTACT WITH MINOR 4TH DEGREE",1
"CRIMINAL SEXUAL MISC",1
"CRIMINAL SEXUAL MISCONDUCT 4TH DEGREE",1
"CRIMINAL SODOMY 14-16",1
"CRIMINAL SOLICITATION OF A MINOR",1
"CRUELTY TO A CHILD",1
"CRUELTY TO CHILDREN",1
"CUSTODIAL SEXUAL MISCONDUCT",1
"DEVIATE SEXUAL ABUSE",1
"DISORDERLY CONDUCT - PROSTITUTION",1
"DISORDERLY CONDUCT/SOLICIT LEWD ACT",1
"DISORDERLY CONDUCT:SOLICIT LEWD ACT",1
"DISORDERLY CONDUCT:SOLICITATE LEWD ACT",1
"DIST/POSS OR VIEW SEX EXPLICIT CHILD MATERIAL",1
"DISTRIBUTE OBSCENE MATERIAL TO MINOR",1
"DISTRIBUTE/POSSESS OR VIEW SEXUAL EXPLICIT CHILD MATERIAL",1
"DISTRIBUTE/POSSESS OR VIEW SEXUALY EXPLICIT MATERIAL OF A CHILD",1
"DISTRIBUTING OBSCENE MATERIAL TO A MINOR",1
"DISTRUBITION OF OBSCENE MATERIAL/CHILD PORNOGRAPHY",1
"DOMESTIC ASSAULT SEXUALLY MOTIVATED",1
"ELECTRONIC ENTICEMENT OF A CHILD",1
"ELECTRONIC SEXUAL SOLICITATION",1
"ELECTRONIC SEXUAL SOLICITATION OF 14 TO <16 YOA",1
"ELECTRONIC SEXUAL SOLITATION OF MINOR",1
"ELECTRONIC SOLICITATION",1
"ELECTRONIC SOLICITATION OF A MINOR",1
"ENDANDER WELFARE-CHILD-RITUAL/CEREMONY-1ST DEG-2ND/SUBQ",1
"ENDANGERING THE WELFARE OF A CHILD",1
"ENGAGED IN PROHIBITED ACTS",1
"ENGAGED IN PROHIBITED SEXUAL ACTIVITY WITH MINOR THRU INTERSTATE COMMERCE",1
"ENGAGING CHILD IN EXPLICIT CONDUCT",1
"ENGAGING CHILD IN SEXUALLY EXPLICIT CONDUCT",1
"ENTICEMENT OF MINOR ON INTERNET",1
"ENTICEMENT TO ENGAGE IN SEXUAL ACTIVITIES WITH A MINOR FEDERAL CHARGE",1
"ENTICING A CHILD UNDER THE AGE OF 16",1
"ENTICING A MINOR TO ENGAGE IN SEXUAL ACTIVITY",1
"ENTICING MINOR FOR INDECENT PURPOSES",1
"EXHIBT BY PERSON 18 YOA OLDER VICT LESS THAN 16 YOA",1
"EXPLOTATION OF A CHILD",1
"EXPOSED A CHILD TO HARMFUL MATERIAL",1
"FAILURE TO PROTECT/PERMITTING SEXUAL ABUSE",1
"FEDERAL-POSSESS/TRAFFICKING OBSCENE MATERIAL VIA THE INTERNET",1
"FEDERAL CHARGE OBSCENE MATERIAL POSSESS LIFE TIME PAROLE",1
"FELONIOUS SEXUAL PENETRATION",1
"FELONIOUSLY COMMIT FORCIBLE SODOMY CUNNILINGUS",1
"FELONIOUSLY ENGAGE IN THE INANIMATE OBJECT SEXUAL PENETRATION OF A MINOR",1
"FELONY CRIMINAL SEXUAL ASSAULT",1
"FELONY CRIMINAL SEXUAL CONDUCT 1ST DEGREE",1
"FELONY CRIMINAL SEXUAL CONDUCT 2ND DEGREE",1
"FELONY SEXUAL ASSAULT 2ND DEGREE",1
"FIRST DEGREE RAPE BY INSTRUMENTATION",1
"FIRST DEGREE SEXUAL ASSAULT",1
"FIRST DEGREE SEXUAL ASSAULT OF A CHILD",1
"FONDLING/HANDLING CHILD UNDER 16",1
"FORCED ORAL COPULATION",1
"FORCIBLE ORAL COPULATION",1
"FORCIBLE SODOMY UPON MENTALLY ILL PERSON",1
"FOURTH DEGREE SEXUAL ASSAULT",1
"GROSS LEWDNESS & 4 COUNTS CHILD ABUSE",1
"GROSS SEXUAL IMPOSITION 3RD DEGREE",1
"GROSS SEXUAL IMPOSITION 5 CTS",1
"HARMFUL CIRCUMSTANCES",1
"HELD MINOR VICTIM AGAINST HER WILL AND FORCED MINOR VICTIM INTO PROSTITUTION",1
"ILLEGAL USE OF MINOR NUDITY",1
"IMMORAL ACTS WITH A MINOR",1
"IMMORAL AND INDECENT ACTS WITH A MINOR",1
"IMMORAL/INDECENT ACTS WITH A CHILD",1
"IMPORTUNING/SEXUAL SOLICITATION OF A MINOR-3 COUNTS",1
"INAPPROPRIATE LANGUAGE/ATTEMPTED STATUTORY RAPE",1
"INCECENT LIBERTIES W/MINOR",1
"INCEST/RAPE",1
"IND LIBERTIES",1
"INDECENCY OF A CHILD BY EXPOSURE",1
"INDECENCY OF A MINOR",1
"INDECENCY W/ A CHILD EXPOSURE",1
"INDECENCY W/ A CHILD, FONDLING",1
"INDECENCY W/CHILD",1
"INDECENCY W/CHILD SEXUAL CONTACT",1
"INDECENCY WITH A CHILD - FONDLING",1
"INDECENCY WITH A CHILD BY EXPOSURE",1
"INDECENCY WITH A CHILD BY SEXUAL CONTACT",1
"INDECENCY WITH A CHILD EXPOSED",1
"INDECENCY WITH A CHILD EXPOSES",1
"INDECENCY WITH A MINOR",1
"INDECENCY WITH CHILD-EXPOSURE",1
"INDECENCY WITH CHILD BY CONTACT 2ND DEGREE",1
"INDECENCY WITH CHILD BY SEXUAL CONTACT",1
"INDECENCY WITH CHILD SEXUAL CONTACT",1
"INDECENCY WITH/CHILD SEXUAL CONTACT",1
"INDECENT ACT",1
"INDECENT ACT W/CHILD",1
"INDECENT ACT WITH CHILD UNDER 12",1
"INDECENT ACTS AGAINST A MINOR",1
"INDECENT ACTS UPON A CHILD",1
"INDECENT ACTS UPON FEMALE UNDER 16",1
"INDECENT ACTS WITH MINOR",1
"INDECENT ACTS/LIBERTIES W/CHILD",1
"INDECENT ACTS/LIBERTIES WITH A CHILD UNDER 16",1
"INDECENT ACTS/LIBERTIES WITH A MINOR",1
"INDECENT AND LEWD ACTS WITH A CHILD",1
"INDECENT AND LEWD ACTS WITH A MINOR",1
"INDECENT ASSAULT AND BATTERY ON A CHILD",1
"INDECENT ASSAULT AND BATTERY ON A CHILD UNDER 14",1
"INDECENT ASSAULT AND BATTERY ON CHILD UNDER 14",1
"INDECENT ASSAULT AND BATTERY W/ A CHILD UNDER 14",1
"INDECENT ASSAULT OF A CHILD",1
"INDECENT ASSAULT OF A FEMALE",1
"INDECENT ASSAULT TO CHILD UNDER 16",1
"INDECENT ASSAULT W/ A MINOR",1
"INDECENT BEHAVIOR W/JUVENILES",1
"INDECENT BEHAVIOR WITH A JUVENILE",1
"INDECENT BEHAVIOR WITH JUVENILES",1
"INDECENT CONTACT WITH A MINOR",1
"INDECENT CONTACT WITH CHILD",1
"INDECENT CONTACT WITH MINOR",1
"INDECENT EXPOSURE WITH A MINOR",1
"INDECENT EXPOSURE WITH CHILD/INDECENT ACT WITH CHILD",1
"INDECENT LANGUAGE TO A CHILD",1
"INDECENT LANGUAGE TO A CHILD UNDER 16",1
"INDECENT LANGUAGE TO A MINOR",1
"INDECENT LIBERTIES W CHILD",1
"INDECENT LIBERTIES W/ A MINOR CHILD",1
"INDECENT LIBERTIES W/CHILD>14<16 - LEWD FONDLING OR TOUCHING",1
"INDECENT LIBERTIES WITH CHILD BY CUSTODIAN",1
"INDECENT LIBERTIES WITH CHILDREN",1
"INDECENT LIBERTY WITH CHILD",1
"INDECENT LIBERTY WITH MINOR",1
"INDECENT OR OBSCENE EXPOSURE",1
"INDECENT SEXUAL ASSAULT",1
"INDECENT SOLICITATIN OF A MINOR",1
"INDECENT SOLICITATION OF MINOR",1
"INDECENT SOLICITATIONOF A CHILD",1
"INDECENT/LEWD ACTS WITH CHILD",1
"INDECENTLIBERTIES WITH A CHILD",1
"INDECENY WITH CHILD",1
"INDENCENT EXPOSURE",1
"INDENCY WITH A CHILD SEXUAL CONTACT",1
"INDUCE UNDERAGE FOR OBSCENE MATTER",1
"INJURY TO A CHILD THIRD DEGREE/OF A SEXUAL NATURE",1
"INJURY TO A CHILD WITH INTENTION TO DO BODILY INJURY",1
"INJURY TO A MINOR CHILD SEXUALLY",1
"INTENT TO COMMIT SEXUAL ABUSE",1
"INTERCOURSE WITH A MINOR",1
"INTERNET IMPORTUNING",1
"INTERNET INTICEMENT OF A MINOR",1
"INTERNET STALKING OF A CHILD",1
"INTERSTATE TRANSPORT OF A MINOR FOR PROSTUTION",1
"INTERSTATE TRANSPORTATION OF A MINOR FOR CRIMINAL SEXUAL ACTIVITY",1
"INTERSTATE TRANSPORTATION OF MINORS FOR THE PURPOSE OF PROSTITUTION",1
"INTERSTATE TRAVEL FOR CRIMINAL SEXUAL ACTIVITY WITH A MINOR",1
"INTERSTATE TRAVEL TO ENGAGE IN SEX W/CHILD UNDER 12 YRS",1
"INTERSTATE TRAVEL TO ENGAGE IN SEX WITH A MINOR",1
"INTICEMENT OF MINOR VIA INTERNET",1
"INVASION OF PRIVACY NUDITY",1
"INVOLUNTARY DEVIANT SEXUAL INTERCOURSE",1
"INVOLUNTARY SEXUAL BATTERY",1
"JUVENILE OFFENSE AGG INDECENT LIBERITIES WITH CHILD",1
"KIDNAPPING 2",1
"KIDNAPPING 2ND DEGREE",1
"KIDNAPPING ACROSS STATE LINES OF A SEXUAL NATURE",1
"KIDNAPPING WITH INTENT TO HAVE SEX WITH A MINOR",1
"KIDNAPPING/TRANSPORT PERSON IN INTERSTATE COMMERCE",1
"KNOWINGLY ATTEMPTING TO TRANSFER OBSCENE MATERIAL TO A MINOR",1
"KNOWINGLY RECIEVED IMAGES OF CHILD PORNOGRAPHY",1
"KNOWLINGLY RECEIVED CHILD PORNOGRAPHY VIA INTERNET",1
"LACIVIOUS ACTS WITH A CHILD",1
"LACIVIOUS SEXUAL ACTS",1
"LASCIVIOUS ACTS W/CHILD",1
"LASIDOUS ACTS",1
"LEWD & INDECENT ACTS WITH A CHILD",1
"LEWD & LACIVIOUS",1
"LEWD & LACIVIOUS ACTS WITH A CHILD",1
"LEWD & LASCIVIOUS ACT AGAINST CHILD",1
"LEWD & LASCIVIOUS ACT ON CHILD",1
"LEWD & LASCIVIOUS ACT WITH CHILD",1
"LEWD & LASCIVIOUS ACTS W/CHILD",1
"LEWD & LASCIVIOUS ACTS WITH CHILD",1
"LEWD & LASCIVIOUS BEHAVIOR WITH CHILD UNDER 16",1
"LEWD & LASCIVIOUS WITH CHILD",1
"LEWD ACT AGAINST CHILD",1
"LEWD ACT IN PRESENCE OF A MINOR",1
"LEWD ACT ON CHILD",1
"LEWD ACT UPON CHILD",1
"LEWD ACT WITH A CHILD",1
"LEWD ACT WITH CHILD",1
"LEWD ACTS W/CHILD ATT SEXUAL BATTERY W/CHILD",1
"LEWD ACTS WITH A CHILD",1
"LEWD ACTS WITH A MINOR",1
"LEWD ACTS WITH A MINOR/ SEXUAL CONTACT",1
"LEWD ACTS WITH CHILD",1
"LEWD ACTS WITH CHILD UNDER SIXTEEN",1
"LEWD AND LACIVACIOUS ACTS",1
"LEWD AND LACIVIOUS CONDUCT WITH MINOR",1
"LEWD AND LASCIVIOUS",1
"LEWD AND LASCIVIOUS ACT",1
"LEWD AND LASCIVIOUS ACT WITH CHILD UNDER 14",1
"LEWD AND LASCIVIOUS ACTS ON A CHILD UNDER 16",1
"LEWD AND LASCIVIOUS ACTS ON CHILD UNDER 14 YR OLD",1
"LEWD AND LASCIVIOUS ACTS W/CHILD UNDER 14",1
"LEWD AND LASCIVIOUS ACTS WITH A CHILD UNDER 14 YEARS",1
"LEWD AND LASCIVIOUS ACTS WITH A CHILD UNDER AGE 14",1
"LEWD AND LASCIVIOUS ACTS WITH A MINOR",1
"LEWD AND LASCIVIOUS ASSAULT ON A CHILD UNDER 16",1
"LEWD AND LASCIVIOUS BATTERY",1
"LEWD AND LASCIVIOUS BEHAIOR",1
"LEWD AND LASCIVIOUS BEHAVIOR; EXPOSURE > 16",1
"LEWD AND LASCIVIOUS CONDUCT WITH CHILD",1
"LEWD AND LASCIVIOUS CONDUCT WITH MINOR UNDER 16",1
"LEWD AND LASCIVIOUS INDECENT ASSAULT W/CHILD",1
"LEWD AND LASCIVIOUS WITH CHILD UNDER 16 (ATTEMPT)",1
"LEWD AND LASCIVOUIS ACTS",1
"LEWD AND LASCIVOUS ACT W/CHILD",1
"LEWD AND LASCIVOUS ACTS",1
"LEWD ASSAULT ACT",1
"LEWD ASSAULT/SEXUAL BATTERY W/VICTIM UNDER 16",1
"LEWD BEHAVIOR W/ CHILD",1
"LEWD CONDUCT",1
"LEWD CONDUCT WITH MINOR SEXUAL INTERCOURSE",1
"LEWD LACIVIOUS CONDUCT",1
"LEWD LASCIVIOUS CONDUCT W/CHILD",1
"LEWD LASCIVIOUS INDECENT ASSAULT CHILD LESS THAN 16",1
"LEWD MOLESTATION OF A CHILD",1
"LEWD MOLESTATION OR INDECENT PROPOSALS/ACTS TO A CHILD",1
"LEWD OR INDECENT ACTS TO A CHILD",1
"LEWD OR INDECENT ACTS TO CHILD",1
"LEWD OR INDECENT ACTS WITH A CHILD UNDER 16",1
"LEWD OR INDECENT PROPOSALS/ACTS TO A CHILD FELONY",1
"LEWD OR LACIVIOUS ACTS WITH A CHILD",1
"LEWD OR LASC ACT WITH A CHILD",1
"LEWD OR LASCIV ACTS WITH A CHILD UNDER 14",1
"LEWD OR LASCIV ACTS WITH CHILD UNDER 14",1
"LEWD OR LASCIVIOUS ACT W/CHILD UNDER 14",1
"LEWD OR LASCIVIOUS ACT WITH CHILD UNDER 14",1
"LEWD OR LASCIVIOUS ACT WITH MINOR",1
"LEWD OR LASCIVIOUS ACTS",1
"LEWD OR LASCIVIOUS ACTS ON A CHILD UNDER 14 YRS OLD",1
"LEWD OR LASCIVIOUS ACTS OR ASSAULT",1
"LEWD OR LASCIVIOUS ACTS W CHILD UNDER 14",1
"LEWD OR LASCIVIOUS ACTS W/A CHILD",1
"LEWD OR LASCIVIOUS ACTS W/CHILD UNDER 14",1
"LEWD OR LASCIVIOUS ACTS WITH A CHILD 14 OR 15",1
"LEWD OR LASCIVIOUS ACTS WITH A CHILD UNDER 14 YEARS OF AGE",1
"LEWD OR LASCIVIOUS ACTS WITH CHILD",1
"LEWD OR LASCIVIOUS BATTERY VICTIM 12-15",1
"LEWD OR LASCIVIOUS BEHAVIOR WITH A CHILD",1
"LEWD OR LASCIVIOUS MOLESTATION OF A CHILD",1
"LEWD OR LASCIVIOUS MOLESTATION OF A CHILD UNDER 18",1
"LEWD OR LASCIVIOUS MOLESTATION OF CHILD",1
"LEWD OR LASCIVIOUS MOLESTATION VICTIM UNDER 12 YEARS OF AGE",1
"LEWD OR LASCIVOUS ACTS W/CHILD UNDER 14",1
"LEWD SEXUAL BATTERY",1
"LEWD/INDECENT ACTS TO CHILD",1
"LEWD/LASCIVIOUS ACTS",1
"LEWD/LASCIVIOUS ACTS BY COMPUTER TRANSMISSION",1
"LEWD/LASCIVIOUS ACTS WITHA CHILD UNDER 16",1
"LEWDNESS INVOLVING A CHILD",1
"LEWDNESS WITH A CHILD",1
"LEWDNESS WITH CHILD",1
"LEWDNESS WITH MINOR",1
"LEWDNESS WITH MINOR UNDER 14",1
"LURING AND ENTICING A MINOR",1
"MAILING OBSCENE MATTER",1
"MAKE/SELL/SOLICIT CHILD PORNOGRAPHY",1
"MASTURBATION IN VIEW OF VICTIM",1
"MISCONDUCT WITH A MINOR",1
"MISD CHILD ANNOYANCE AND FONDLING",1
"MOLEST CHILD",1
"MOLESTATION",1
"MOLESTATION AND FAILURE TO REGISTER",1
"OBSCENE AND OTHER SEXUAL MATERIAL AND PERFORMANCES",1
"OBSCENE MATERAL CHILD PORNOGRAPHY",1
"OBSCENE MATERIAL",1
"OBSCENE MATERIAL-POSSES",1
"OBSCENTITY - SOLICITATION OF JUVENILES VIA INTERNET",1
"OFNDR LOITER W/I 500FT OF SCHOOL",1
"ONE COUNT OF RECEIPT OF CHILD PORNOGRAPHY",1
"ONLINE SOLICITATION OF A MINOR/SEXUAL CONDUCT",1
"OPEN AND GROSS LEWDNESS",1
"ORAL COPULATION BY FORCE",1
"ORAL COPULATION BY FORCE U/14",1
"ORAL COPULATION U/14 OR BY FORCE",1
"ORAL COPULATION W/ PERSON UNDER 16",1
"ORAL COPULATION W/PERSON UNDER 18",1
"ORAL COPULATION WITH A PERSON UNDER 18",1
"ORAL COPULATION WITH PERSON UNDER 14",1
"ORAL COPULATION WITH PERSON UNDER 14 OR BY FORCE",1
"ORAL COPULATION WITH PERSON UNDER 16",1
"ORAL COPULATION WITH VICTIM UNDER AGE 18",1
"ORALL COPULATION WITH PERSON UNDER 18",1
"PATRONIZING PROSTITUTION",1
"PC-ORAL COP:-14/ETC OR BY FORCE/ETC",1
"PERFORMING LEWD ACT IN PRESENCE OF A MINOR",1
"PERMITTED SEXUAL ABUSE OF A CHILD",1
"PORNOGRAPHY INVOLVING A MINOR",1
"POSS CHILD PORNOGRAPHY",1
"POSS CHILD POROGRAPHY",1
"POSSES CHILD PORNOGRAPHY",1
"POSSESESSION OF CHILD PORNOGRAPHY",1
"POSSESS COMPUTER WITH CHILD PORNOGRAPHY",1
"POSSESS DEPICTION OF MINOR ENGAGED IN SEXUALLY EXPLICIT CONDITION",1
"POSSESS MATERIAL THAT CONTAINS IMAGES OF CHILD PORNOGRAPHY THAT WAS PRODUCED USING MATERIALS",1
"POSSESS OR VIEW SEXUALLY EXPLICIT CHILD MATERIAL",1
"POSSESSING CHILD PORNOGRAPHY THAT HAD BEEN TRANSPORTED IN INTERSTATE COMMERCE BY COMPUTER",1
"POSSESSION CHILD PORN THRU INTERSTATE COMM",1
"POSSESSION OBSCENE MATERIAL",1
"POSSESSION OF CHILD PORNOGRAPHY DISTRIBUTION OF CHILD PORNOGRAPHY ATTEMPT TO COMMUNICATE INDECENT L",1
"POSSESSION OF CHILD PORNOGRAPHY VIA A COMPUTER",1
"POSSESSION OF COMPUTER CHILD PORNOGRAPHY",1
"POSSESSION OF OBSCENE MATERIAL-CHILD PORNOGRAPHY",1
"POSSESSION OF SEXUALLY EXPLICIT IMAGES OF CHILDREN",1
"POSSESSION OF SEXUALLY EXPLICIT MATERIAL",1
"POSSESSION OR CONTROL OF CHILD PORN",1
"POSSESSION RECEIPT AND DISTRIBUTION OF CHILD PORNOGRAPHY",1
"POSSESSION/RECEIVING CHILD PORNOGRAPHY OVER THE INTERNET",1
"POSSESSSION OF CHILD PORN",1
"PREDATORY CRIM SEX ASSLT/CHILD",1
"PREDATORY CRIMINAL SEXUAL ASSAULT OF A CHILD",1
"PREDATORY CRIMINAL SEXUAL ASSAULT/CHILD",1
"PREDORTORY CRIMINAL SEX ASSAULT WITH A CHILD",1
"PROCURE/ETC CHILD UNDER 14 FOR LEWD ACT",1
"PRODUCTION OF SEXUALLY EXPLICIT CHILD MATERIAL",1
"PROMOT CHILD PORN TO MINOR-2ND DEG",1
"PROMOT PORN 2ND DEGREE",1
"PROMOTE CHILD PORNOGRAPHY",1
"PROMOTING PROSTITUTION",1
"PROMOTION OF PROSTITUTION",1
"PUB DIS EXPLT SEX MATL",1
"PUBLIC INDECENCY",1
"PUBLIC INDECENCY/LEWD EXPOSURE",1
"PUBLIC SEXUAL INDECENCY CONTACT",1
"RAPE - 7 COUNTS",1
"RAPE - INCEST",1
"RAPE 1ST",1
"RAPE 1ST-FORCIBLE COMPULSION",1
"RAPE 2ND",1
"RAPE 2ND DEG",1
"RAPE 3RD",1
"RAPE 4TH DEGREE",1
"RAPE BY FORCE OR FEAR",1
"RAPE BY FORCE/FEAR",1
"RAPE BY THREAT ATTEMPTED",1
"RAPE FIRST DEGREE",1
"RAPE IN CONCERT WITH FORCE OR VIOLENCE",1
"RAPE KNIFE",1
"RAPE OF A CHILD 1ST DEGREE",1
"RAPE OF A CHILD 3RD",1
"RAPE OF A CHILD IN THE 3RD DEGREE",1
"RAPE OF A CHILD W FORCE",1
"RAPE OF A CHILD WITH FORCE",1
"RAPE OF A SPOUSE",1
"RAPE OF MINOR",1
"RAPE OF SPOUSE",1
"RAPE WITH FORCE",1
"RAPE WITH WEAPON",1
"RAPE/INVOLUNTARY SEXUAL ASSAULT",1
"RAPE/MOLESTATION",1
"RECEIPT IN INTERSTATE COMMERCE VIA COMPUTER OF MATERIALINVOLVING THE SEXUAL EXPLOITATION OF MINORS",1
"RECEIPT OF OBSCENITY",1
"RECEIVED AND DISTRIBUTED BY COMPUTER A VISUAL DEPICTION OF MINORS",1
"RECEIVED CHILD PORN",1
"RECEIVEING CHILD PORNONOGRAPHY THROUGH THE MAIL",1
"RECEIVING CHILD PORNOGRAPHY VIA THE INTERNET",1
"RECIEPT OF CHILD PORNOGRAPHY OVER THE INTERNET",1
"SECOND DEGREE SEXUAL ASSAULT OF A CHILD",1
"SECOND DEGREE SEXUAL ASSAULT ON A CHILD",1
"SEX ABUSE 1ST",1
"SEX ABUSE 3RD DEG",1
"SEX ABUSE OF A CHILD-FONDLING",1
"SEX ABUSE OF CHILD",1
"SEX ASLT 2ND DDW/INJURY",1
"SEX ASSAULT",1
"SEX ASSAULT 2ND DEGREE",1
"SEX ASSAULT 3RD DEGREE",1
"SEX ASSAULT CHILD",1
"SEX ASSAULT CHILD ATTEMPT",1
"SEX ASSAULT OF A CHILD",1
"SEX ASSAULT ON A CHILD 2ND DEGREE",1
"SEX ASSAULT ON CHILD",1
"SEX ASSAULT W/CHILD",1
"SEX ASSAULT WITH A CHILD 2ND DEGREE",1
"SEX ASSAULT/CHILD",1
"SEX ASSAULT/CHILD-POSITION OF TRUST",1
"SEX ASSLT 1ST DDW/INJURY",1
"SEX AUBSE 1ST VIC UND 12",1
"SEX EXPLOITATION OF A CHILD",1
"SEX EXPLOITATION OF A MINOR",1
"SEX EXPLOITATION OF CHILD-ATTEMPTED",1
"SEX OFFENSE-AGAINST CHILD FONDLING",1
"SEX OFFENSE - CHILD FONDLING",1
"SEX OFFENSE - CHILD MOLESTING",1
"SEX OFFENSE 3RD DEGREE - FORCE",1
"SEX OFFENSE 4TH DEGREE",1
"SEX OFFENSE AGAINST A CHILD",1
"SEX OFFENSE AGAINST A CHILD-FONDLING",1
"SEX OFFENSE AGAINST CHILD-FONDLING",1
"SEX WITH A MINOR UNDER 16",1
"SEX WITH MINOR",1
"SEX WITH MINOR UNDER 16 YRS OLD",1
"SEXAUL BATTERY",1
"SEXOND DEGREE SEXUAL ASSAULT",1
"SEXUAL ABUSE- 3 COUNTS",1
"SEXUAL ABUSE 3RD DEGREE FELONY",1
"SEXUAL ABUSE 3RD FELONY",1
"SEXUAL ABUSE IN THE 3RD",1
"SEXUAL ABUSE IN THE SECOND",1
"SEXUAL ABUSE MISD",1
"SEXUAL ABUSE OF A CHILD-2ND DEGREE FELONY",1
"SEXUAL ABUSE OF A CHILD 2ND DEGREE",1
"SEXUAL ABUSE OF A CHILD UNDER 16",1
"SEXUAL ABUSE OF A MINOR 2ND DEGREE",1
"SEXUAL ABUSE OF A MINOR SECOND DEGREE",1
"SEXUAL ABUSE OF CHILD",1
"SEXUAL ABUSE OF CHILDREN",1
"SEXUAL ABUSE OF MINOR 2ND DEGREE",1
"SEXUAL ABUSE ON A CHILD",1
"SEXUAL ABUSE ON MINOR",1
"SEXUAL ABUSE THIRD",1
"SEXUAL ABUSE THIRD DEGREE",1
"SEXUAL ACT WITH A CHILD UNDER 12",1
"SEXUAL ACTIVITY WITH A MINOR",1
"SEXUAL ASSAULT 1ST DEGREE - INTRUSION",1
"SEXUAL ASSAULT 1ST DEGREE WITH A CHILD",1
"SEXUAL ASSAULT 2ND DEGREE FELONY",1
"SEXUAL ASSAULT 3RD DEG",1
"SEXUAL ASSAULT 3RD DEGREE-CONTACT WITHOUT CONSENT",1
"SEXUAL ASSAULT 4TH DEG",1
"SEXUAL ASSAULT AND INDECENT LIBERTIES WITH CHILD",1
"SEXUAL ASSAULT CHILD 2ND DEGREE",1
"SEXUAL ASSAULT IN THE 4TH DEGREE",1
"SEXUAL ASSAULT OF A CHILD 3RD DEGREE",1
"SEXUAL ASSAULT OF A CHILD/PROSTITUTION",1
"SEXUAL ASSAULT OF CHILD 2ND DEGREE",1
"SEXUAL ASSAULT OF CHILD 2ND DEGREE FELONY",1
"SEXUAL ASSAULT OF MINOR",1
"SEXUAL ASSAULT ON A CHILD BY ONE IN A POSITION OF TRUST",1
"SEXUAL ASSAULT THIRD DEGREE",1
"SEXUAL ASSAULT WITH CHILD",1
"SEXUAL ASSAULT WITH INTENT TO COMMIT SEXUAL ABUSE",1
"SEXUAL ASSAULT WITHOUT CONSENT 3RD DEGREE",1
"SEXUAL ASSAULT/BATTERY",1
"SEXUAL ASSAULT/VICTIM UNDER 15",1
"SEXUAL ASSLT 2ND DEGREE",1
"SEXUAL BATTERY-WEAPON",1
"SEXUAL BATTERY BY ADULT/VICTIM UNDER 12",1
"SEXUAL BATTERY BY AN AUTHORITY FIGURE",1
"SEXUAL BATTERY BY RESTRAINT",1
"SEXUAL BATTERY OF A MINOR",1
"SEXUAL BATTERY OF A RESTRAINED PERSON",1
"SEXUAL BATTERY/ABUSE",1
"SEXUAL BATTERY/ASSAULT",1
"SEXUAL CARNAL ABUSE",1
"SEXUAL CONDUCT WITH A CHILD UNDER 18",1
"SEXUAL CONDUCT WITH MINORS",1
"SEXUAL CONDUCT WITH PERSON UNDER 14",1
"SEXUAL CONTACT - NO CONSENT",1
"SEXUAL CONTACT WITH A CHILD - AGGRAVATED",1
"SEXUAL CONTACT WITH A MINOR",1
"SEXUAL CONTACT WITHOUT CONSENT",1
"SEXUAL CONTACT/NO CONSENT",1
"SEXUAL EXPLOATION OF A MINOR",1
"SEXUAL EXPLOITATION",1
"SEXUAL EXPLOITATION OF A MINOR CHILD",1
"SEXUAL EXPLOITATION OF A MINOR VIA TELECOMMUNICATIONS",1
"SEXUAL EXPLOITATION OF CHILDREN",1
"SEXUAL EXPOITATION OF CHILD",1
"SEXUAL FELONY ABUSE OF A CHILD",1
"SEXUAL INDECENCY WITH A MINOR",1
"SEXUAL INTERCOURSE W/OUT CONSENT",1
"SEXUAL INTERCOURSE WITH A MINOR",1
"SEXUAL INTERCOURSE WITH MINOR",1
"SEXUAL MISCONDUCT 1ST",1
"SEXUAL MISCONDUCT 3RD DEGREE",1
"SEXUAL MISCONDUCT 4TH DEGREE",1
"SEXUAL MISCONDUT INTERCOURSE WITHOUT CONSENT",1
"SEXUAL OFFENSE-CHILD FONDLING",1
"SEXUAL OFFENSE 3RD DEGREE",1
"SEXUAL OFFENSE AGAINST A CHILD/FONDLING",1
"SEXUAL OFFENSE AGAINST CHILD",1
"SEXUAL PENETRATION FOREIGN OBJECT",1
"SEXUAL PENETRATION W/ FORCE",1
"SEXUAL PERFORMANCE BY A CHILD BY EMPLOYING, AUTHORIZING OR INDUCING A CHILD",1
"SEXUAL SOLICIATATION/INDECENCY WITH A CHILD",1
"SEXUAL SOLICITATION OF A CHILD",1
"SEXUALLY MOTIVATED BURGLARY",1
"SODOMY- CHILD 12 TO 16 YEARS OF AGE",1
"SODOMY 1ST",1
"SODOMY 3RD DEGREE - DOMESTIC ABUSE",1
"SODOMY OF A MINOR",1
"SODOMY OF MINOR",1
"SODOMY VICT UNDER 14",1
"SODOMY WITH A PERSON UNDER 18",1
"SODOMY WITH CHILD",1
"SODOMY WITH CHILD UNDER 16 YEARS OLD",1
"SOLICIT CHILD BY COMPUTER FOR UNLAWFUL SEX ACT",1
"SOLICIT SEXUAL ASSAULT ON A CHILD",1
"SOLICITATION FOR PROSTITUTION",1
"SOLICITATION OF A CHILD FOR SEX",1
"SOLICITATION OF A MINOR",1
"SOLICITATION OF MINOR",1
"SOLICITATION OF SODOMY",1
"SOLICITATION TO COMMIT SEXUAL ABUSE OF A MINOR IN THE 2ND DEGREE",1
"SOLICITING A CHILD",1
"SOLICITING A CHILD VIA COMPUTER",1
"SOLICITING OF A MINOR",1
"SOLICITING SEXUAL CONDUCT WITH A MINOR",1
"STATUTORY RAPE 1ST DEGREE",1
"STATUTORY RAPE 3RD DEGREE",1
"STATUTORY RAPE WITH PRIOR CONVICTION",1
"TOUCHING CHILD FOR LUSTFUL PURPOSES BY PERSON OVER 18 CHILD UNDER AGE 16 GRATIFICATI",1
"TOUCHING CHILD LUSTFUL PURPOSES",1
"TOUCHING/HANDLING ETC CHILD/MENTALLY/DEFECTIVE OR INCAPACITATED PERSON OR PHYSICALLY HELPLESS P",1
"TRAFFIC CHILD PORN",1
"TRAFFICKING OF A PERSON",1
"TRAFFICKING SEX OFFENSE",1
"TRANSFER HARMFUL MATERIAL TO MINORS",1
"TRANSFER OBSCENE MATERIAL TO MINOR",1
"TRANSFERRING OBSCENE MATERIAL TO A MINOR",1
"TRANSPORT MINOR FOR PROSTITUTION",1
"TRANSPORTATION OF A MINOR W/INTENT TO ENGAGE IN SEXUAL ACTIVITY",1
"TRANSPORTATION OF A MINOR WITH THE INTENT TO ENGAGE IN CRIMINAL SEXUAL ACTIVITY",1
"TRANSPORTATION OF CHILD PORN",1
"TRANSPORTATION OF MINOR FOR PURPOSES OF PROSTITUTION",1
"TRANSPORTATION OF OBSCENE MATTER FOR SALE",1
"TRANSPORTING CHILD PORNOGRAPHY",1
"TRANSPORTING CHILD PORNOGRAPHY OVER THE INTERNET",1
"TRANSPORTING FOR PROSTITUTION",1
"TRANSPORTING FOR PURPOSE OF SEXUAL GRATIFICATION",1
"TRAVEL IN INTERSTATE COMMERCE TO ENGAGE IN SEX WITH A MINOR",1
"TRAVEL OUT OF STATE TO ENGAGE IN AN ILLEGAL SEX ACT WITH A MINOR",1
"TRAVEL WITH INTENT TO ENGAGE IN A SEXUAL ACT WITH A MINOR",1
"TRAVEL WITH INTENT TO ENGAGE IN ILLICIT SEXUAL CONDUCT WITH A MINOR",1
"TRAVELING IN INTERSTATE COMMERCE TO ENGAGE IN SEX WITH MINOR",1
"TRAVELING OR USING THE FACILITIES IN INTERSTATE COMMERCE OR PROMOTE MANAGE ESTABLISH OR CARRY-ON A P",1
"TRAVELING TO MEET MINOR TO COMMIT UNLAWFUL SEXUAL OFFENSE",1
"TRAVELING W/INTENT TO ENGAGE IN SEXUAL ACT WITH A JUVENILE",1
"TRAVELING WITH INTENT TO ENGAGE IN ILLICIT SEXUAL CONDUCT WITH MINOR",1
"UNLAWFUL CONTACT OR COMMUNICATION WITH A MINOR",1
"UNLAWFUL DEALING IN MATERIAL DEPICTING CHILD ENGAGED INPROHIBITED SEXUAL ACTIVITY",1
"UNLAWFUL POSSESSION OF CHILD PORNOGRAPHY",1
"UNLAWFUL RESTRAINT",1
"UNLAWFUL SEX W/ AN ANIMAL",1
"UNLAWFUL SEX WITH A MINOR",1
"UNLAWFUL SEXUAL ACTIVITY WITH CERTAIN MINORS",1
"UNLAWFUL SEXUAL ACTIVITY WITH MINORS",1
"UNLAWFUL SEXUAL CONDUCT 2ND DEGREE",1
"UNLAWFUL SEXUAL CONTACT 2ND DEGREE",1
"UNLAWFUL SEXUAL CONTACT SECOND DEGREE",1
"UNLAWFUL SEXUAL CONTACT WITH A MINOR",1
"UNLAWFUL SEXUAL INTERCOURSE W/MINOR",1
"UNLAWFUL SEXUAL INTERCOURSE W/PERSON UNDER 18",1
"UNLAWFUL SEXUAL INTERCOURSE WITH A MINOR",1
"UNLAWFUL USE MINOR AS SUBJECT OF SEXUAL PORTRAYAL",1
"UNLAWFUL VOLUNTARY SEXUAL RELATIONS",1
"UNNATURAL - PERVERTED SEXUAL ACT",1
"USE COMPUTER SERVICE TO SEDUCE/SOLICIT A CHILD",1
"USE ELECTRONIC MEANS FOR CHILD SEX CRIME OR PORN",1
"USE INTERNET TO SOLICIT/ATTEMPT SOLICIT A CHILD FOR SEX/LEWDNESS",1
"USE INTERNET TO SOLICIT/ATTEMPT SOLICIT ETC A CHILD FOR SEX/LEWDNESS ETC",1
"USE OF A SPECILITY OF INTERSTATE COMMERCE TO ATTEMPT TO ENTICE A MINOR TO ENGAGE IN AN UNLAWFUL SEX",1
"USE OF AN INTERSTATE FACILITY TO ENTICE A MINOR TO ENGAGE IN SEXUAL ACTIVITY",1
"USE OF INTERNET TO SOLICIT SEX FROM MINOR",1
"USE OF INTERNET TO SOLICITATE/ATTEMPT SOLICITATION OF A CHILD FOR SEX/LEWDNESS",1
"USE OF INTERSTATE FACILITIES TO PROMOTE PROSTITUTION",1
"USE OF INTERSTATE FACILITIES TO TRANSMIT INFORMATION ABOUT A MINOR",1
"USE OF INTERSTATE FACILITY TO ATTEMPT TO ENTIRE A MINOR TO ENGAGE IN SEXUAL ACTIVITY",1
"USE OF INTERSTATE FACILITY TO ENTICE A MINOR",1
"USE OF INTERSTATE FACILITY TO ENTICE A MINOR TO ENGAGE IN SEX WITH ACTIVITY",1
"USE OF INTERSTATE TELEPHONE LINES TO CORECE A MINOR TO ENGAGE IN CRIMINAL SEXUAL ACTIVITY",1
"USE OF TELEPHONES & COMPUTERIZED ACCESS TO THE INTERNETTO ENTICE AND ATTEMPT TO ENTICE TWO MINORS TO",1
"USE TELECOMMUNICATION DEVICE TO ENTICE A MINOR INTO SEXUAL ACTIVITES",1
"USE/ETC UNDER AGE PERSON OBSCENE MATERIAL",1
"USING A CHILD IN DISPLAY OF SEXUALL EXPLICIT CONDUCT",1
"VICARIOUS SEXUAL GRATIFICATION",1
"VIOLATION OF MINOR 1ST DEGREE",1
"VOLUNTARY SEXUAL INTERCOURSE WITH A CHILD",1
"WRONGFUL POSSESSION OF CHILD PORNOGRAPHY",1
"WRONGFUL SEXUAL CONTACT",1
